date,problem,team1,score1,team2,score2,both_classified
2026-08-28,one team's score only,MICDS,2,Parkway Central,,True
2026-09-01,no score,Parkway South,,Seckman,,True
2026-09-03,no score,Maranatha Baptist,,Crocker,,False
2026-09-03,no score,St. Pius X (Festus),,Fox,,True
2026-09-03,no score,Webster Groves,,Vianney,,True
2026-09-04,no score,Ritenour,,Gateway Legacy Sr. H.,,False
2026-09-08,no score,Collegiate School of Med-Bio Science with McKinley Classical Leadership,,Lutheran North,,True
2026-09-09,no score,William Chrisman,,Truman,,True
2026-09-10,no score,Logan-Rogersville,,New Heights Christian with McAuley Catholic,,True
2026-09-15,no score,Greenwood,,Central (Springfield),,True
2026-09-15,no score,Gateway Science Charter,,"FBA OFallon IL(O'Fallon, IL)",,False
2026-09-15,no score,North Kansas City,,Liberty North,,True
2026-09-15,no score,Chillicothe,,Maryville,,True
2026-09-16,no score,Raytown,,Winnetonka,,True
2026-09-17,no score,Hickman,,Ft. Zumwalt West,,True
2026-09-17,no score,Cardinal Ritter,,KIPP St. Louis Sr.,,False
2026-09-17,no score,Seckman,,"WATERLOO HIGH SCHOOL(WATERLOO, IL)",,False
2026-09-17,no score,Fulton,,Wright City,,True
2026-09-18,no score,Gateway Science Charter,,Gateway Legacy Sr. H.,,False
2026-09-21,no score,Liberty Christian Sr.,,Warrenton,,False
2026-09-22,no score,McDonald County,,Aurora,,True
2026-09-24,no score,Northland Christian,,"Bishop Seabury(Lawrence, KS)",,False
2026-09-29,no score,Pleasant Hill,,Lone Jack,,True
2026-09-29,no score,Priory,,Lutheran North,,True
2026-09-29,no score,Faith Christian Academy,,"Maranatha Christian(Shawnee, KS)",,False
2026-09-29,no score,Cassville,,McDonald County,,True
2026-09-29,no score,Winnetonka,,Platte County,,True
2026-09-30,no score,Bishop DuBourg,,Bayless,,True
2026-09-30,no score,Winnetonka,,Platte County,,True
2026-09-30,no score,Eureka,,Webster Groves,,True
2026-09-30,no score,Ruskin,,William Chrisman,,True
2026-10-01,no score,Maryville,,Bishop LeBlond,,True
2026-10-01,no score,Knob Noster,,Boonville,,True
2026-10-01,no score,Frontier STEM,,Cristo Rey,,True
2026-10-01,no score,Guadalupe Centers Charter,,"JC Harmon(Kansas City, KS)",,False
2026-10-01,no score,Fredericktown,,Kennett,,True
2026-10-01,no score,Marshall,,Kirksville,,True
2026-10-01,no score,Sunnydale Adventist Acad HS,,La Monte,,False
2026-10-01,no score,Platte County,,Liberty,,True
2026-10-01,no score,Northland Christian,,Lutheran (Kansas City),,True
2026-10-01,no score,Laquey with Richland,,Marshfield,,True
2026-10-01,no score,"Sumner(Kansas City, KS)",,Moberly,,False
2026-10-01,no score,Harrisonville,,Oak Grove,,True
2026-10-01,no score,Pleasant Hill,,Odessa,,True
2026-10-01,no score,Parkway South,,"O'Fallon Township(O'Fallon, IL)",,False
2026-10-01,no score,Belton,,Raytown,,True
2026-10-01,no score,Stover,,Smithton,,True
2026-10-01,no score,Chillicothe,,St. Paul Lutheran (Concordia),,True
2026-10-02,no score,Fair Grove,,Crocker,,True
2026-10-02,no score,Smithton,,Ewing Marion Kauffman with University Academy Charter,,True
2026-10-02,no score,Kickapoo,,Francis Howell North,,True
2026-10-02,no score,Westminster Christian Academy,,Lutheran St. Charles,,True
2026-10-02,no score,Orchard Farm,,St. Pius X (Festus),,True
2026-10-02,no score,Father Tolton,,Warrenton,,True
