School,OFF Rating,DEF Rating,OVR Rating,OFF Rank,DEF Rank,OVR Rank
Rockhurst,4.93,3.52,8.46,1,2,1
Liberty North,3.27,3.34,6.61,2,4,2
SLUH,2.87,3.64,6.51,5,1,3
Lee's Summit,2.87,3.13,6.01,6,6,4
Oakville,2.36,3.44,5.8,14,3,5
Marquette,2.65,3.07,5.72,8,7,6
Francis Howell Central,2.63,3.06,5.69,10,8,7
Nixa,2.68,2.91,5.58,7,11,8
Blue Springs South,2.97,2.59,5.56,4,14,9
Christian Brothers College,2.46,2.98,5.44,11,10,10
Kirkwood,1.76,3.32,5.08,25,5,11
Lafayette (Wildwood),3.11,1.88,4.99,3,33,12
Ladue Horton Watkins,2.42,2.5,4.92,12,18,13
Blue Springs,2.2,2.55,4.75,16,15,14
Lee's Summit West,1.73,3.0,4.73,26,9,15
Vianney,1.76,2.9,4.66,24,12,16
Park Hill South,1.85,2.8,4.65,23,13,17
Liberty,2.64,1.97,4.61,9,30,18
Rock Bridge,2.33,2.1,4.43,15,25,19
Eureka,2.38,2.02,4.4,13,27,20
Glendale,1.93,2.46,4.39,21,19,21
Lindbergh,1.89,2.37,4.26,22,20,22
De Smet Jesuit,1.67,2.52,4.19,27,17,23
Jackson,2.02,1.94,3.95,18,32,24
Ft. Zumwalt West,1.33,2.53,3.85,33,16,25
Northwest (Cedar Hill),2.16,1.67,3.83,17,36,26
Lee's Summit North,1.63,2.13,3.77,29,24,27
Francis Howell,1.66,1.99,3.65,28,28,28
Parkway South,1.46,2.08,3.54,30,26,29
Hickman,1.99,1.38,3.37,19,39,30
Francis Howell North,1.33,1.75,3.07,34,34,31
North Point,1.98,1.06,3.04,20,43,32
Park Hill,1.01,1.98,2.99,36,29,33
Timberland,0.8,2.17,2.98,38,21,34
Troy Buchanan,0.61,2.14,2.75,43,23,35
Pattonville,1.27,1.24,2.52,35,40,36
Staley,0.58,1.94,2.52,45,31,37
Raymore-Peculiar,0.34,2.14,2.48,48,22,38
Carthage,0.85,1.6,2.45,37,37,39
Ozark,1.37,0.99,2.36,31,44,40
Liberty (Wentzville),1.37,0.97,2.34,32,46,41
Mehlville,0.43,1.68,2.11,47,35,42
Seckman,0.34,1.45,1.79,49,38,43
Fort Osage,0.61,0.98,1.59,44,45,44
Joplin,0.2,1.19,1.39,51,41,45
Grain Valley,0.76,0.48,1.24,41,53,46
Branson,0.26,0.96,1.22,50,47,47
Smith-Cotton,0.78,0.37,1.16,40,54,48
Oak Park,0.63,0.52,1.14,42,52,49
Battle with Columbia Independent,0.17,0.88,1.05,53,48,50
North Kansas City,0.48,0.56,1.04,46,51,51
Central (St. Joseph),0.2,0.83,1.03,52,49,52
Republic,-0.62,1.16,0.55,58,42,53
Ft. Zumwalt North,-0.34,0.76,0.42,57,50,54
Poplar Bluff,0.8,-0.53,0.26,39,59,55
Neosho,-0.23,0.35,0.12,56,55,56
Kickapoo,-0.08,0.06,-0.02,54,57,57
Waynesville,-0.94,0.06,-0.87,60,56,58
Fox,-0.69,-0.79,-1.48,59,61,59
Truman,-0.23,-1.51,-1.74,55,63,60
Webb City,-1.58,-0.41,-1.99,62,58,61
Ritenour,-1.62,-0.65,-2.27,63,60,62
William Chrisman,-1.47,-1.06,-2.53,61,62,63
Ruskin,-2.21,-2.81,-5.03,64,64,64
