Date,Home Team,Home Score,Away Team,Away Score
2026-08-27,Osage,0,Battle with Columbia Independent,7
2026-08-27,Springfield Catholic,1,Carthage,3
2026-08-27,Hillcrest,2,Cassville,5
2026-08-27,Knob Noster,0,Central (Kansas City),6
2026-08-27,Lone Jack,0,Chillicothe,2
2026-08-27,Smith-Cotton,4,Clinton,1
2026-08-27,Frontier School of Excellence Charter,2,Cristo Rey,0
2026-08-27,Kennett,4,Dexter,5
2026-08-27,Mexico,2,Eugene,3
2026-08-27,Smithton,3,Fatima,0
2026-08-27,Webster Groves,1,Francis Howell Central,2
2026-08-27,Francis Howell North,3,Ft. Zumwalt East,0
2026-08-27,Van Horn,6,Grain Valley,0
2026-08-27,Ft. Zumwalt South,1,Helias Catholic,2
2026-08-27,North County,0,Hillsboro,3
2026-08-27,Duchesne,1,Holt,2
2026-08-27,Boonville,2,Jefferson City,1
2026-08-27,Liberty North,10,Kearney,2
2026-08-27,Southern Boone,1,Kirksville,0
2026-08-27,Neosho,0,McDonald County,3
2026-08-27,Sacred Heart,0,Missouri Military Academy,4
2026-08-27,Republic,0,Monett,1
2026-08-27,St. Charles,3,Northwest (Cedar Hill),4
2026-08-27,Capital City,2,Ozark,5
2026-08-27,New Heights Christian with McAuley Catholic,3,Parkview,1
2026-08-27,Grandview,1,Pleasant Hill,4
2026-08-27,Jackson,3,Rockwood Summit,2
2026-08-27,St. Mary's South Side,2,Saxony Lutheran with St. Vincent,4
2026-08-27,Stover,1,Smith-Cotton,2
2026-08-27,Savannah,0,Smithville,3
2026-08-27,Lafayette (Wildwood),4,St. Francis Borgia,0
2026-08-27,Eureka,0,Timberland,1
2026-08-27,Lutheran St. Charles,1,Troy Buchanan,2
2026-08-27,DeSoto,1,Union,2
2026-08-27,Gateway Science Charter,3,Valley Park,1
2026-08-27,Center,1,William Chrisman,0
2026-08-27,Wright City,2,Winfield,3
2026-08-28,Fox,2,Affton,4
2026-08-28,Fair Grove,4,Aurora,0
2026-08-28,St. Pius X (Festus),4,Bishop DuBourg,3
2026-08-28,Republic,2,Branson,1
2026-08-28,Harrisonville,0,Carl Junction,1
2026-08-28,Webb City,0,Cassville,2
2026-08-28,St. Paul Lutheran (Concordia),2,Christian Fellowship Sr. with Hallsville,1
2026-08-28,Moberly,1,Clinton,0
2026-08-28,Northwest (Cedar Hill),0,Farmington,1
2026-08-28,Parkway West,3,Ft. Zumwalt South,0
2026-08-28,Marquette,3,Ft. Zumwalt West,0
2026-08-28,Nixa,2,Hickman,3
2026-08-28,Webb City,2,Hillcrest,0
2026-08-28,Whitfield,0,John Burroughs,8
2026-08-28,Kirkwood,4,Liberty (Wentzville),1
2026-08-28,Westminster Christian Academy,2,Lutheran South,3
2026-08-28,STEAM Academy,0,Maplewood-Richmond Hts.,8
2026-08-28,Lebanon,3,Marshfield,2
2026-08-28,Vianney,1,Mehlville,0
2026-08-28,Branson,2,Monett,1
2026-08-28,Marshall,2,Northeast (Kansas City),5
2026-08-28,Father Tolton,3,Oak Park,2
2026-08-28,Paseo Academy,1,Odessa,0
2026-08-28,Priory,3,Principia,0
2026-08-28,Kickapoo,0,Rock Bridge,8
2026-08-28,Bolivar,1,Smith-Cotton,3
2026-08-28,Hancock,1,St. Charles West,2
2026-08-28,Camdenton,3,Waynesville,0
2026-08-28,Logan-Rogersville,4,Willard,0
2026-08-29,Lebanon,3,Aurora,1
2026-08-29,Marshfield,1,Aurora,0
2026-08-29,Clinton,3,Carl Junction,2
2026-08-29,Republic,1,Cassville,0
2026-08-29,SLUH,2,Chaminade College Prep,2
2026-08-29,Francis Howell North,0,Eureka,2
2026-08-29,Lebanon,3,Fair Grove,2
2026-08-29,Rolla,0,Hannibal,0
2026-08-29,Neosho,1,Hannibal,0
2026-08-29,Smith-Cotton,3,Harrisonville,1
2026-08-29,St. Mary's South Side,2,Helias Catholic,3
2026-08-29,Kickapoo,1,Hickman,5
2026-08-29,Monett,5,Hillcrest,1
2026-08-29,Lindbergh,0,Ladue Horton Watkins,3
2026-08-29,Carthage,1,Lee's Summit,4
2026-08-29,Liberty,4,Lee's Summit West,2
2026-08-29,Father Tolton,3,Marshall,1
2026-08-29,Fair Grove,6,Marshfield,2
2026-08-29,Paseo Academy,1,Moberly,6
2026-08-29,Oak Park,1,Northeast (Kansas City),2
2026-08-29,John Burroughs,0,Notre Dame (Cape Girardeau),2
2026-08-29,Bolivar,10,Odessa,2
2026-08-29,Sullivan,0,Perryville,2
2026-08-29,Nixa,3,Rock Bridge,2
2026-08-29,Neosho,2,Rolla,0
2026-08-29,Capital City,1,Springfield Catholic,3
2026-08-29,Kennett,0,Sullivan,6
2026-08-29,Principia,1,Veritas Christian Academy,2
2026-08-29,Branson,1,Webb City,0
2026-08-29,New Covenant Academy,1,West Plains,2
2026-08-31,Father Tolton,1,Battle with Columbia Independent,2
2026-08-31,Gateway with Soldan International Studies,0,Bayless,7
2026-08-31,Platte County,1,Blue Springs South,9
2026-08-31,Ewing Marion Kauffman with University Academy Charter,0,Faith Christian Academy,3
2026-08-31,Parkway West,0,Francis Howell Central,2
2026-08-31,Pattonville,3,Lafayette (Wildwood),5
2026-08-31,Park Hill,0,Lincoln College Prep,2
2026-08-31,Marquette,0,SLUH,3
2026-08-31,Northeast (Kansas City),3,St. Michael the Archangel,0
2026-08-31,Wright City,1,Sullivan,7
2026-08-31,University City,0,Veritas Christian Academy,7
2026-09-01,St. Pius X (Festus),3,Affton,2
2026-09-01,Lutheran (Kansas City),0,Barstow,8
2026-09-01,Gateway Science Charter,0,Bayless,6
2026-09-01,Monett,3,Bolivar,4
2026-09-01,Nixa,3,Branson,0
2026-09-01,Green Ridge with Cole Camp,8,Calvary Lutheran,0
2026-09-01,Rolla,2,Camdenton,3
2026-09-01,Neosho,4,Carl Junction,1
2026-09-01,Glendale,6,Carthage,1
2026-09-01,Cameron,1,Chillicothe,4
2026-09-01,Battle with Columbia Independent,7,Christian Fellowship Sr. with Hallsville,0
2026-09-01,Boonville,1,Clinton,7
2026-09-01,Laquey with Richland,3,Crocker,2
2026-09-01,Brentwood,1,DeSoto,5
2026-09-01,Mexico,3,Elsberry,2
2026-09-01,Moberly,8,Eugene,0
2026-09-01,Lindbergh,2,Eureka,3
2026-09-01,Hillcrest,2,Fair Grove,6
2026-09-01,North County,0,Festus,1
2026-09-01,Bishop DuBourg,0,Fox,2
2026-09-01,Pacific,4,Fredericktown,1
2026-09-01,Timberland,4,Ft. Zumwalt North,0
2026-09-01,Webster Groves,0,Ft. Zumwalt South,1
2026-09-01,Francis Howell,1,Ft. Zumwalt West,2
2026-09-01,Fatima,1,Fulton,5
2026-09-01,De Smet Jesuit,1,Hickman,2
2026-09-01,Waynesville,0,Jefferson City,4
2026-09-01,Willard,3,Kickapoo,2
2026-09-01,Raytown South,6,Knob Noster,0
2026-09-01,Aurora,0,Lebanon,3
2026-09-01,Francis Howell North,4,Liberty (Wentzville),3
2026-09-01,Ozark,3,Logan-Rogersville,4
2026-09-01,Priory,3,Lutheran South,1
2026-09-01,Harrisonville,1,Marshall,4
2026-09-01,Warrensburg,1,Maryville,5
2026-09-01,Clayton,3,Mehlville,1
2026-09-01,John Burroughs,3,MICDS,1
2026-09-01,Central (Springfield),1,New Heights Christian with McAuley Catholic,0
2026-09-01,Grandview,2,North Kansas City,1
2026-09-01,Ft. Zumwalt East,2,North Point,1
2026-09-01,Frontier STEM,1,Northland Christian,5
2026-09-01,Lafayette (Wildwood),2,Northwest (Cedar Hill),3
2026-09-01,Grain Valley,1,Oak Park,3
2026-09-01,Jackson,0,Oakville,1
2026-09-01,Winfield,0,Orchard Farm,6
2026-09-01,Southern Boone,3,Osage,2
2026-09-01,Rockhurst,2,Park Hill South,0
2026-09-01,Kirkwood,0,Parkway West,1
2026-09-01,Cristo Rey,3,Paseo Academy,1
2026-09-01,Troy Buchanan,2,Pattonville,1
2026-09-01,Notre Dame (Cape Girardeau),5,Perryville,1
2026-09-01,Westminster Christian Academy,1,Principia,2
2026-09-01,Liberty,3,Raymore-Peculiar,0
2026-09-01,Christian Brothers College,2,Rockwood Summit,1
2026-09-01,Excelsior Springs,4,Ruskin,0
2026-09-01,Kearney,2,Savannah,4
2026-09-01,Farmington,3,Saxony Lutheran with St. Vincent,2
2026-09-01,St. Mary's South Side,0,SLUH,7
2026-09-01,Lincoln College Prep,5,Smith-Cotton,0
2026-09-01,Raytown,2,Smithville,1
2026-09-01,Republic,0,Springfield Catholic,7
2026-09-01,Holt,0,St. Charles,8
2026-09-01,Central (St. Joseph),0,Staley,2
2026-09-01,Washington,1,Sullivan,3
2026-09-01,Center,1,Summit Christian Academy,6
2026-09-01,Pleasant Hill,3,Truman,2
2026-09-01,Windsor (Imperial),2,Union,3
2026-09-01,Collegiate School of Med-Bio Science with McKinley Classical Leadership,2,University City,1
2026-09-01,Liberty North,3,Van Horn,2
2026-09-01,St. Dominic,1,Vianney,0
2026-09-01,St. Charles West,1,Warrenton,2
2026-09-01,Greenwood,1,West Plains,4
2026-09-01,Parkway Central,5,Whitfield,0
2026-09-01,Oak Grove,2,William Chrisman,1
2026-09-01,Fort Osage,3,Winnetonka,1
2026-09-02,Lincoln College Prep,1,Blue Springs South,9
2026-09-02,Benton,1,Central (St. Joseph),5
2026-09-02,Rock Bridge,4,Father Tolton,0
2026-09-02,Fredericktown,1,Festus,0
2026-09-02,Smithville,1,Grain Valley,3
2026-09-02,Fort Osage,1,Grandview,0
2026-09-02,Clinton,8,Knob Noster,0
2026-09-02,Sacred Heart,0,Lutheran (Kansas City),0
2026-09-02,Union,0,Lutheran St. Charles,4
2026-09-02,Parkway West,0,Marquette,3
2026-09-02,Pacific,5,North County,0
2026-09-02,Winnetonka,0,North Kansas City,8
2026-09-02,Platte County,0,Park Hill,4
2026-09-02,Smith-Cotton,10,Raytown,9
2026-09-02,Excelsior Springs,2,Savannah,1
2026-09-02,Lone Jack,4,Warrensburg,1
2026-09-02,Odessa,2,William Chrisman,3
2026-09-03,Logan-Rogersville,8,Aurora,0
2026-09-03,Sacred Heart,0,Barstow,8
2026-09-03,Raymore-Peculiar,3,Belton,0
2026-09-03,Odessa,1,Benton,5
2026-09-03,Summit Christian Academy,0,Blue Springs,4
2026-09-03,Park Hill,0,Blue Springs South,4
2026-09-03,Smithton,0,Boonville,6
2026-09-03,Joplin,0,Branson,1
2026-09-03,Gateway Science Charter,1,Brentwood,2
2026-09-03,West Plains,1,Camdenton,6
2026-09-03,Moberly,8,Canton,0
2026-09-03,Paseo Academy,0,Capital City,8
2026-09-03,Bolivar,1,Cassville,2
2026-09-03,Guadalupe Centers Charter,5,Center,4
2026-09-03,Marshall,5,Chillicothe,0
2026-09-03,St. Mary's South Side,1,Clayton,7
2026-09-03,Frontier STEM,4,Cristo Rey,2
2026-09-03,Saxony Lutheran with St. Vincent,7,Dexter,0
2026-09-03,Southern Boone,5,Elsberry,0
2026-09-03,Fort Osage,4,Excelsior Springs,2
2026-09-03,Pacific,2,Festus,0
2026-09-03,Liberty (Wentzville),0,Francis Howell,3
2026-09-03,North County,0,Fredericktown,2
2026-09-03,Seckman,0,Ft. Zumwalt East,1
2026-09-03,Francis Howell Central,3,Ft. Zumwalt South,2
2026-09-03,Willard,2,Greenwood,1
2026-09-03,Parkview,4,Hillcrest,0
2026-09-03,Windsor (Imperial),1,Hillsboro,0
2026-09-03,Warrenton,6,Holt,1
2026-09-03,Laquey with Richland,8,Iberia,0
2026-09-03,Central (Springfield),3,Jefferson City,1
2026-09-03,Priory,1,John Burroughs,2
2026-09-03,Hannibal,2,Kirksville,3
2026-09-03,Chaminade College Prep,1,Kirkwood,0
2026-09-03,De Smet Jesuit,3,Ladue Horton Watkins,1
2026-09-03,Rockwood Summit,1,Lafayette (Wildwood),3
2026-09-03,Crocker,3,Lebanon,6
2026-09-03,Van Horn,1,Lee's Summit,2
2026-09-03,Staley,0,Liberty,2
2026-09-03,Oak Park,0,Liberty North,8
2026-09-03,Platte County,5,Lincoln College Prep,2
2026-09-03,Christian Brothers College,3,Lindbergh,1
2026-09-03,MICDS,4,Lutheran South,2
2026-09-03,Parkway North,0,Maplewood-Richmond Hts.,2
2026-09-03,Lone Jack,3,Maryville,2
2026-09-03,Oakville,2,Mehlville,0
2026-09-03,Fulton,2,Mexico,1
2026-09-03,Nixa,4,Monett,0
2026-09-03,Kickapoo,2,Neosho,1
2026-09-03,Marshfield,0,New Heights Christian with McAuley Catholic,2
2026-09-03,Bishop LeBlond,0,Northeast (Kansas City),8
2026-09-03,Eureka,6,Northwest (Cedar Hill),5
2026-09-03,Raytown South,0,Oak Grove,6
2026-09-03,Helias Catholic,1,Ozark,0
2026-09-03,Principia,1,Parkway Central,0
2026-09-03,Pattonville,1,Parkway South,2
2026-09-03,DeSoto,3,Perryville,4
2026-09-03,Farmington,3,Republic,1
2026-09-03,Lee's Summit West,1,Rockhurst,3
2026-09-03,Kearney,9,Ruskin,1
2026-09-03,Carl Junction,0,Springfield Catholic,6
2026-09-03,Orchard Farm,6,St. Charles West,0
2026-09-03,Hancock,2,STEAM Academy,1
2026-09-03,Fatima,2,Stover,4
2026-09-03,Waynesville,1,Sullivan,0
2026-09-03,North Point,1,Timberland,2
2026-09-03,Ft. Zumwalt West,1,Troy Buchanan,0
2026-09-03,Park Hill South,8,Truman,0
2026-09-03,Veritas Christian Academy,1,Valley Park,0
2026-09-03,McDonald County,4,Webb City,0
2026-09-03,Whitfield,1,Westminster Christian Academy,4
2026-09-03,St. Charles,5,Winfield,0
2026-09-03,Christian Fellowship Sr. with Hallsville,2,Wright City,1
2026-09-04,Collegiate School of Med-Bio Science with McKinley Classical Leadership,0,Bayless,7
2026-09-04,Hickman,3,Central (Springfield),2
2026-09-04,Dixon,1,Lebanon,6
2026-09-04,Ft. Zumwalt North,2,Lutheran St. Charles,1
2026-09-04,Willard,2,New Covenant Academy,1
2026-09-04,Notre Dame (Cape Girardeau),7,Poplar Bluff,0
2026-09-04,Glendale,0,SLUH,3
2026-09-04,Christian Fellowship Sr. with Hallsville,3,Smithton,2
2026-09-04,Pembroke Hill,4,Springfield Catholic,0
2026-09-05,Farmington,2,Branson,1
2026-09-05,Raymore-Peculiar,2,Carthage,1
2026-09-05,St. Mary's South Side,1,De Smet Jesuit,4
2026-09-05,Pembroke Hill,3,Kickapoo,2
2026-09-05,Warrensburg,1,Lutheran (Kansas City),1
2026-09-05,Sacred Heart,1,Maryville,4
2026-09-05,Hickman,3,Parkview,1
2026-09-05,Veritas Christian Academy,0,Priory,2
2026-09-05,West Plains,1,Sikeston,9
2026-09-05,Glendale,2,Vianney,2
2026-09-07,Pleasant Hill,6,Cameron,1
2026-09-07,Green Ridge with Cole Camp,2,Clinton,8
2026-09-07,St. Pius X (Kansas City),1,North Kansas City,2
2026-09-07,Lone Jack,3,Oak Grove,4
2026-09-08,Clayton,5,Affton,1
2026-09-08,Crossroads College Preparatory,0,Bayless,6
2026-09-08,Excelsior Springs,4,Belton,5
2026-09-08,Liberty,3,Blue Springs,2
2026-09-08,Truman,1,Blue Springs South,9
2026-09-08,Fulton,0,Boonville,7
2026-09-08,Ozark,4,Branson,5
2026-09-08,Christian Fellowship Sr. with Hallsville,9,Calvary Lutheran,1
2026-09-08,Lone Jack,1,Cameron,3
2026-09-08,Camdenton,4,Capital City,3
2026-09-08,Grandview,2,Center,4
2026-09-08,St. Paul Lutheran (Concordia),2,Clinton,1
2026-09-08,Sikeston,8,DeSoto,0
2026-09-08,Wright City,0,Duchesne,4
2026-09-08,Paseo Academy,0,East (Kansas City),8
2026-09-08,Missouri Military Academy,7,Eugene,0
2026-09-08,Seckman,0,Eureka,3
2026-09-08,Sacred Heart,0,Father Tolton,8
2026-09-08,Crocker,9,Fatima,1
2026-09-08,Hillsboro,2,Festus,3
2026-09-08,North Kansas City,2,Fort Osage,3
2026-09-08,Parkway Central,1,Ft. Zumwalt East,0
2026-09-08,North Point,4,Ft. Zumwalt North,0
2026-09-08,Maplewood-Richmond Hts.,3,Hancock,0
2026-09-08,Ft. Zumwalt South,8,Hannibal,0
2026-09-08,St. Pius X (Kansas City),4,Harrisonville,3
2026-09-08,Helias Catholic,1,Hickman,0
2026-09-08,McDonald County,5,Hillcrest,0
2026-09-08,Winfield,2,Holt,4
2026-09-08,Fox,0,Jackson,7
2026-09-08,Smith-Cotton,5,Jefferson City,1
2026-09-08,Lutheran South,1,John Burroughs,5
2026-09-08,Monett,3,Joplin,2
2026-09-08,Barstow,5,Kearney,1
2026-09-08,Dexter,2,Kennett,3
2026-09-08,Vianney,2,Kirkwood,1
2026-09-08,Christian Brothers College,4,Ladue Horton Watkins,3
2026-09-08,Dixon,0,Laquey with Richland,5
2026-09-08,New Covenant Academy,0,Lebanon,4
2026-09-08,Park Hill,0,Lee's Summit West,4
2026-09-08,Ft. Zumwalt West,1,Liberty (Wentzville),2
2026-09-08,Mexico,0,Marshall,8
2026-09-08,Willard,1,Marshfield,0
2026-09-08,Smithville,3,Maryville,2
2026-09-08,Bishop DuBourg,1,Metro,7
2026-09-08,Lafayette (Wildwood),4,MICDS,1
2026-09-08,Greenwood,3,New Heights Christian with McAuley Catholic,0
2026-09-08,Springfield Catholic,2,Nixa,3
2026-09-08,Mehlville,1,Northwest (Cedar Hill),4
2026-09-08,Central (Cape Girardeau),0,Notre Dame (Cape Girardeau),8
2026-09-08,Pleasant Hill,1,Oak Grove,1
2026-09-08,Francis Howell,0,Oakville,2
2026-09-08,Summit Christian Academy,10,Odessa,2
2026-09-08,Warrenton,1,Orchard Farm,2
2026-09-08,Sullivan,4,Osage,3
2026-09-08,Lee's Summit,3,Park Hill South,0
2026-09-08,Republic,3,Parkview,1
2026-09-08,Westminster Christian Academy,1,Pattonville,3
2026-09-08,Windsor (Imperial),0,Perryville,1
2026-09-08,Oak Park,4,Platte County,1
2026-09-08,Grain Valley,0,Raymore-Peculiar,1
2026-09-08,Parkway West,9,Ritenour,1
2026-09-08,Battle with Columbia Independent,1,Rock Bridge,4
2026-09-08,Bolivar,0,Rolla,2
2026-09-08,Central (St. Joseph),4,Savannah,1
2026-09-08,Fredericktown,0,Saxony Lutheran with St. Vincent,7
2026-09-08,Moberly,1,Southern Boone,5
2026-09-08,St. Charles West,0,St. Charles,8
2026-09-08,St. Mary's South Side,1,St. Pius X (Festus),0
2026-09-08,Liberty North,3,Staley,0
2026-09-08,Rock Bridge,0,Stover,2
2026-09-08,Monett,1,Thomas Jefferson Independent Day,2
2026-09-08,Francis Howell North,2,Troy Buchanan,1
2026-09-08,Veritas Christian Academy,1,Union,0
2026-09-08,Brentwood,0,Valley Park,1
2026-09-08,Northeast (Kansas City),2,Van Horn,3
2026-09-08,Timberland,2,Washington,0
2026-09-08,Logan-Rogersville,8,Webb City,0
2026-09-08,SLUH,1,Webster Groves,0
2026-09-08,Aurora,0,West Plains,7
2026-09-09,La Monte,6,Iberia,1
2026-09-09,St. Dominic,4,Lindbergh,3
2026-09-09,Priory,0,Marquette,5
2026-09-09,Perryville,7,North County,1
2026-09-09,St. Michael the Archangel,3,Park Hill South,1
2026-09-09,Chaminade College Prep,4,Rockwood Summit,1
2026-09-09,Fort Osage,3,Winnetonka,0
2026-09-09,Pacific,1,Wright City,3
2026-09-10,Ritenour,1,Affton,3
2026-09-10,Barstow,1,Belton,2
2026-09-10,Northeast (Kansas City),8,Benton,0
2026-09-10,Smith-Cotton,0,Blue Springs South,7
2026-09-10,Osage,0,Bolivar,2
2026-09-10,Bayless,4,Brentwood,3
2026-09-10,Winfield,5,Canton,0
2026-09-10,Gateway Science Charter,7,Cardinal Ritter,1
2026-09-10,Monett,0,Carthage,1
2026-09-10,Marshfield,1,Cassville,2
2026-09-10,Farmington,4,Central (Cape Girardeau),0
2026-09-10,Lebanon,1,Central (Springfield),4
2026-09-10,Blue Springs,4,Central (St. Joseph),1
2026-09-10,Metro,2,Collegiate School of Med-Bio Science with McKinley Classical Leadership,0
2026-09-10,Greenwood,4,Crocker,1
2026-09-10,Fredericktown,7,Dexter,1
2026-09-10,Parkway West,2,Eureka,1
2026-09-10,Smithville,1,Excelsior Springs,0
2026-09-10,Helias Catholic,3,Father Tolton,2
2026-09-10,Pattonville,5,Fox,1
2026-09-10,Troy Buchanan,0,Francis Howell,1
2026-09-10,Cristo Rey,0,Frontier School of Excellence Charter,5
2026-09-10,Capital City,1,Ft. Zumwalt North,0
2026-09-10,Francis Howell North,1,Ft. Zumwalt West,2
2026-09-10,Branson,0,Glendale,2
2026-09-10,Van Horn,8,Grandview,0
2026-09-10,St. Paul Lutheran (Concordia),6,Green Ridge with Cole Camp,0
2026-09-10,Willard,3,Hillcrest,2
2026-09-10,St. Francis Borgia,3,Hillsboro,1
2026-09-10,Ladue Horton Watkins,1,John Burroughs,2
2026-09-10,Fair Grove,0,Joplin,3
2026-09-10,Mehlville,1,Lafayette (Wildwood),5
2026-09-10,Francis Howell Central,3,Liberty (Wentzville),1
2026-09-10,East (Kansas City),0,Lincoln College Prep,4
2026-09-10,Pleasant Hill,2,Lone Jack,0
2026-09-10,Lindbergh,1,Marquette,3
2026-09-10,Kearney,5,Maryville,2
2026-09-10,University City,7,McCluer North,0
2026-09-10,Boonville,8,Mexico,0
2026-09-10,St. Mary's South Side,0,MICDS,1
2026-09-10,Kirksville,2,Moberly,1
2026-09-10,Sullivan,6,North County,1
2026-09-10,Lee's Summit West,7,North Kansas City,0
2026-09-10,Washington,0,North Point,5
2026-09-10,Cameron,0,Oak Grove,3
2026-09-10,Winnetonka,1,Oak Park,3
2026-09-10,Savannah,4,Odessa,1
2026-09-10,St. Charles,1,Orchard Farm,3
2026-09-10,Liberty North,4,Ozark,0
2026-09-10,Laquey with Richland,2,Pacific,1
2026-09-10,Webster Groves,2,Parkway South,1
2026-09-10,St. Dominic,1,Priory,2
2026-09-10,Ewing Marion Kauffman with University Academy Charter,3,Raytown South,0
2026-09-10,Northwest (Cedar Hill),0,Republic,1
2026-09-10,Center,4,Ruskin,1
2026-09-10,Christian Fellowship Sr. with Hallsville,3,Sacred Heart,0
2026-09-10,St. Pius X (Festus),3,Saxony Lutheran with St. Vincent,2
2026-09-10,Parkway North,0,Seckman,8
2026-09-10,Eugene,0,Southern Boone,8
2026-09-10,Liberty North,4,Springfield Catholic,0
2026-09-10,Holt,1,St. Charles West,2
2026-09-10,Ft. Zumwalt South,3,Timberland,0
2026-09-10,Lutheran South,2,Veritas Christian Academy,0
2026-09-10,Oakville,0,Vianney,1
2026-09-10,St. Michael the Archangel,7,Warrensburg,0
2026-09-10,Carl Junction,1,Webb City,0
2026-09-10,Fair Grove,4,West Plains,2
2026-09-10,Festus,0,Windsor (Imperial),1
2026-09-11,Fair Grove,4,Aurora,1
2026-09-11,Principia,1,Bayless,0
2026-09-11,Sikeston,6,Bishop DuBourg,2
2026-09-11,Gateway with Soldan International Studies,0,Brentwood,2
2026-09-11,Paseo Academy,6,Calvary Lutheran,5
2026-09-11,Parkview,2,Camdenton,1
2026-09-11,Branson,2,Carthage,1
2026-09-11,Willard,1,Cassville,1
2026-09-11,New Covenant Academy,0,Central (Springfield),3
2026-09-11,Stover,3,Dixon,2
2026-09-11,Rockwood Summit,3,Ft. Zumwalt East,0
2026-09-11,Liberty North,2,Glendale,0
2026-09-11,Crossroads College Preparatory,0,Hancock,5
2026-09-11,Rolla,3,Hannibal,3
2026-09-11,Waynesville,4,Joplin,2
2026-09-11,Springfield Catholic,3,Kickapoo,0
2026-09-11,Iberia,3,Knob Noster,5
2026-09-11,Smithton,2,La Monte,2
2026-09-11,North Point,4,Lutheran St. Charles,2
2026-09-11,Valley Park,0,Maplewood-Richmond Hts.,2
2026-09-11,Perryville,0,Marshall,3
2026-09-11,West Plains,1,Monett,4
2026-09-11,Summit Christian Academy,0,Nixa,5
2026-09-11,Ozark,2,Northwest (Cedar Hill),4
2026-09-11,Kirkwood,2,Notre Dame (Cape Girardeau),0
2026-09-11,Perryville,2,Southern Boone,1
2026-09-11,Marshall,4,Southern Boone,0
2026-09-11,Whitfield,0,St. Charles West,1
2026-09-11,Grain Valley,3,Waynesville,1
2026-09-12,Parkview,5,Aurora,0
2026-09-12,Maryville,0,Belton,1
2026-09-12,Kickapoo,1,Camdenton,0
2026-09-12,Grain Valley,0,Carthage,3
2026-09-12,Lebanon,1,Cassville,0
2026-09-12,Willard,0,Central (Springfield),3
2026-09-12,Jackson,3,De Smet Jesuit,4
2026-09-12,Mehlville,0,Eureka,1
2026-09-12,Kearney,1,Excelsior Springs,4
2026-09-12,DeSoto,0,Farmington,7
2026-09-12,Northwest (Cedar Hill),1,Glendale,4
2026-09-12,Springfield Catholic,4,Grain Valley,2
2026-09-12,Lutheran St. Charles,6,Hannibal,1
2026-09-12,North Point,8,Hannibal,0
2026-09-12,Waynesville,1,Joplin,0
2026-09-12,West Plains,0,Joplin,3
2026-09-12,Francis Howell Central,3,Lafayette (Wildwood),2
2026-09-12,Priory,0,Lindbergh,1
2026-09-12,St. Dominic,1,Marquette,0
2026-09-12,New Covenant Academy,2,Marshfield,1
2026-09-12,Chillicothe,4,Mexico,1
2026-09-12,Summit Christian Academy,0,Republic,1
2026-09-12,Ft. Zumwalt South,2,Rock Bridge,1
2026-09-12,Lutheran St. Charles,2,Rolla,0
2026-09-12,North Point,4,Rolla,0
2026-09-12,Barstow,1,Smithville,2
2026-09-14,Bayless,2,Affton,3
2026-09-14,Thomas Jefferson Independent Day,1,Aurora,0
2026-09-14,Collegiate School of Med-Bio Science with McKinley Classical Leadership,4,Bishop DuBourg,1
2026-09-14,Battle with Columbia Independent,2,Boonville,0
2026-09-14,Webster Groves,1,Chaminade College Prep,3
2026-09-14,Lutheran North,2,Elsberry,3
2026-09-14,St. Paul Lutheran (Concordia),1,Faith Christian Academy,2
2026-09-14,Hickman,1,Father Tolton,4
2026-09-14,Grain Valley,1,Fort Osage,2
2026-09-14,Francis Howell,2,Francis Howell North,1
2026-09-14,Truman,1,Grandview,3
2026-09-14,Pembroke Hill,0,Lee's Summit West,1
2026-09-14,Seckman,0,Lindbergh,4
2026-09-14,New Covenant Academy,0,Logan-Rogersville,8
2026-09-14,Eureka,7,MICDS,0
2026-09-14,Central (Kansas City),0,Northeast (Kansas City),8
2026-09-14,Sacred Heart,0,Osage,8
2026-09-14,Cassville,0,Parkview,3
2026-09-14,Christian Brothers College,2,Parkway Central,0
2026-09-14,Central (Springfield),1,Republic,0
2026-09-14,Farmington,2,Rockwood Summit,3
2026-09-14,Pacific,2,Rolla,1
2026-09-14,Kearney,1,Smithville,3
2026-09-14,Smith-Cotton,4,Southern Boone,1
2026-09-14,Monett,1,Springfield Catholic,3
2026-09-14,Brentwood,2,St. Pius X (Festus),1
2026-09-14,Knob Noster,0,Stover,7
2026-09-14,West Plains,3,Sullivan,2
2026-09-14,Guadalupe Centers Charter,1,Summit Christian Academy,3
2026-09-14,Marshall,0,Van Horn,3
2026-09-14,Lutheran South,3,Whitfield,4
2026-09-15,Helias Catholic,5,Battle with Columbia Independent,0
2026-09-15,Staley,0,Blue Springs,1
2026-09-15,Lee's Summit North,0,Blue Springs South,2
2026-09-15,Marshfield,0,Bolivar,4
2026-09-15,Carl Junction,2,Branson,3
2026-09-15,Missouri Military Academy,9,Canton,1
2026-09-15,Jennings,1,Cardinal Ritter,9
2026-09-15,Aurora,0,Cassville,1
2026-09-15,Park Hill,1,Central (St. Joseph),0
2026-09-15,Chaminade College Prep,2,Christian Brothers College,2
2026-09-15,Iberia,1,Crocker,7
2026-09-15,Maplewood-Richmond Hts.,6,Duchesne,0
2026-09-15,Christian Fellowship Sr. with Hallsville,7,Eugene,0
2026-09-15,Kirkwood,1,Eureka,1
2026-09-15,Webb City,2,Fair Grove,8
2026-09-15,Sullivan,6,Fatima,0
2026-09-15,Perryville,8,Festus,0
2026-09-15,Ft. Zumwalt West,3,Francis Howell Central,5
2026-09-15,Timberland,2,Ft. Zumwalt East,0
2026-09-15,North Point,3,Ft. Zumwalt South,4
2026-09-15,Calvary Lutheran,0,Fulton,8
2026-09-15,Lutheran North,1,Hancock,4
2026-09-15,Warrensburg,1,Harrisonville,7
2026-09-15,Camdenton,1,Hickman,4
2026-09-15,DeSoto,6,Hillsboro,5
2026-09-15,Orchard Farm,3,Holt,0
2026-09-15,Rock Bridge,8,Jefferson City,0
2026-09-15,Mexico,0,Kirksville,8
2026-09-15,Ladue Horton Watkins,4,Lafayette (Wildwood),1
2026-09-15,Vianney,0,Lindbergh,2
2026-09-15,Monett,3,McDonald County,2
2026-09-15,Nixa,9,Neosho,1
2026-09-15,Laquey with Richland,0,New Covenant Academy,2
2026-09-15,Jackson,1,Northwest (Cedar Hill),2
2026-09-15,Summit Christian Academy,4,Oak Grove,0
2026-09-15,Ruskin,1,Oak Park,5
2026-09-15,Marquette,2,Oakville,3
2026-09-15,Green Ridge with Cole Camp,1,Odessa,3
2026-09-15,Clinton,4,Osage,3
2026-09-15,Fredericktown,0,Pacific,1
2026-09-15,Raymore-Peculiar,0,Park Hill South,2
2026-09-15,Clayton,4,Parkway South,3
2026-09-15,Rockwood Summit,1,Parkway West,1
2026-09-15,Parkway Central,0,Pattonville,1
2026-09-15,Kennett,0,Poplar Bluff,8
2026-09-15,Westminster Christian Academy,2,Priory,3
2026-09-15,Center,4,Raytown South,1
2026-09-15,St. Pius X (Festus),4,Roosevelt,1
2026-09-15,Stover,6,Sacred Heart,0
2026-09-15,Notre Dame (Cape Girardeau),3,Saxony Lutheran with St. Vincent,1
2026-09-15,Mehlville,0,Seckman,1
2026-09-15,Central (Cape Girardeau),0,Sikeston,8
2026-09-15,Capital City,3,Smith-Cotton,4
2026-09-15,La Monte,0,Smithton,2
2026-09-15,Glendale,1,Springfield Catholic,2
2026-09-15,Warrenton,2,St. Charles,6
2026-09-15,SLUH,1,St. Dominic,3
2026-09-15,McCluer North,0,STEAM Academy,6
2026-09-15,Liberty (Wentzville),0,Troy Buchanan,3
2026-09-15,St. Francis Borgia,2,Union,3
2026-09-15,William Chrisman,0,Van Horn,4
2026-09-15,Ft. Zumwalt North,2,Washington,1
2026-09-15,Ozark,2,Waynesville,0
2026-09-15,Parkview,2,Willard,1
2026-09-15,Fox,1,Windsor (Imperial),0
2026-09-15,St. Charles West,0,Winfield,1
2026-09-16,Mehlville,3,Affton,1
2026-09-16,St. Pius X (Kansas City),1,Barstow,3
2026-09-16,Savannah,6,Cameron,1
2026-09-16,John Burroughs,3,Francis Howell North,1
2026-09-16,Ewing Marion Kauffman with University Academy Charter,2,Frontier School of Excellence Charter,3
2026-09-16,Lee's Summit West,5,Grain Valley,1
2026-09-16,Fort Osage,4,Grandview,1
2026-09-16,Central (Springfield),4,Hillcrest,1
2026-09-16,West Plains,1,Logan-Rogersville,8
2026-09-16,Guadalupe Centers Charter,0,Oak Grove,3
2026-09-16,Smithville,0,Platte County,1
2026-09-16,Pleasant Hill,0,Raymore-Peculiar,1
2026-09-16,Knob Noster,0,Smithton,4
2026-09-16,Gateway with Soldan International Studies,1,St. Mary's South Side,7
2026-09-16,Excelsior Springs,6,Truman,1
2026-09-16,Collegiate School of Med-Bio Science with McKinley Classical Leadership,1,Whitfield,3
2026-09-16,Marshall,1,William Chrisman,0
2026-09-17,Valley Park,0,Bayless,1
2026-09-17,Bishop LeBlond,0,Benton,10
2026-09-17,Truman,0,Blue Springs,8
2026-09-17,Central (St. Joseph),0,Blue Springs South,2
2026-09-17,Osage,0,Camdenton,7
2026-09-17,Branson,2,Capital City,3
2026-09-17,Carl Junction,0,Carthage,5
2026-09-17,Kirksville,3,Chillicothe,0
2026-09-17,De Smet Jesuit,1,Christian Brothers College,2
2026-09-17,Southern Boone,6,Christian Fellowship Sr. with Hallsville,1
2026-09-17,Lafayette (Wildwood),2,Clayton,0
2026-09-17,Harrisonville,1,Clinton,0
2026-09-17,Festus,7,DeSoto,6
2026-09-17,Calvary Lutheran,3,Dixon,6
2026-09-17,Northeast (Kansas City),9,East (Kansas City),3
2026-09-17,Hancock,2,Elsberry,1
2026-09-17,Kearney,3,Excelsior Springs,5
2026-09-17,Father Tolton,8,Fatima,0
2026-09-17,Timberland,1,Francis Howell,2
2026-09-17,St. Charles,6,Ft. Zumwalt North,0
2026-09-17,Webb City,1,Kickapoo,2
2026-09-17,Ladue Horton Watkins,0,Kirkwood,5
2026-09-17,Odessa,4,Knob Noster,0
2026-09-17,Sacred Heart,1,La Monte,0
2026-09-17,Lee's Summit,7,Lee's Summit North,0
2026-09-17,Rockwood Summit,3,Lindbergh,1
2026-09-17,Fair Grove,5,McDonald County,2
2026-09-17,Moberly,9,Mexico,1
2026-09-17,Priory,0,MICDS,1
2026-09-17,Liberty,3,North Kansas City,2
2026-09-17,Farmington,1,Notre Dame (Cape Girardeau),3
2026-09-17,Marshall,5,Oak Grove,0
2026-09-17,Northwest (Cedar Hill),0,Oakville,1
2026-09-17,Chaminade College Prep,4,Ozark,1
2026-09-17,Liberty North,5,Park Hill,1
2026-09-17,Greenwood,0,Parkview,3
2026-09-17,Eureka,6,Parkway Central,0
2026-09-17,Roosevelt,0,Parkway North,3
2026-09-17,Mehlville,1,Parkway South,1
2026-09-17,Raytown South,2,Paseo Academy,4
2026-09-17,Hillsboro,2,Perryville,5
2026-09-17,Center,3,Pleasant Hill,2
2026-09-17,Pattonville,7,Ritenour,2
2026-09-17,Jefferson City,1,Rolla,3
2026-09-17,Vianney,0,SLUH,3
2026-09-17,Green Ridge with Cole Camp,0,Smithton,5
2026-09-17,St. Pius X (Kansas City),7,Smithville,2
2026-09-17,Pacific,0,St. Charles West,1
2026-09-17,St. Dominic,7,St. Francis Borgia,0
2026-09-17,Oak Park,0,Staley,2
2026-09-17,Eugene,0,Stover,3
2026-09-17,Union,2,Sullivan,0
2026-09-17,New Covenant Academy,3,Thomas Jefferson Independent Day,2
2026-09-17,Summit Christian Academy,0,Van Horn,4
2026-09-17,Holt,0,Veritas Christian Academy,2
2026-09-17,Smith-Cotton,8,Warrensburg,0
2026-09-17,Ft. Zumwalt South,6,Washington,0
2026-09-17,Lutheran South,1,Westminster Christian Academy,6
2026-09-17,Lutheran St. Charles,0,Whitfield,1
2026-09-17,Guadalupe Centers Charter,0,William Chrisman,1
2026-09-18,New Covenant Academy,0,Barstow,3
2026-09-18,Branson,1,Battle with Columbia Independent,2
2026-09-18,Springfield Catholic,8,Bishop DuBourg,0
2026-09-18,Lebanon,2,Bolivar,4
2026-09-18,Willard,1,Bolivar,0
2026-09-18,Republic,1,Capital City,0
2026-09-18,Moberly,3,Christian Fellowship Sr. with Hallsville,0
2026-09-18,Northland Christian,1,Faith Christian Academy,3
2026-09-18,Troy Buchanan,0,Francis Howell Central,4
2026-09-18,St. Michael the Archangel,0,Helias Catholic,3
2026-09-18,Marshfield,4,Iberia,0
2026-09-18,Camdenton,1,Joplin,2
2026-09-18,St. Paul Lutheran (Concordia),4,La Monte,0
2026-09-18,New Heights Christian with McAuley Catholic,0,Lebanon,1
2026-09-18,Oak Park,0,Logan-Rogersville,5
2026-09-18,Sikeston,2,Logan-Rogersville,1
2026-09-18,Lutheran St. Charles,0,Lutheran South,1
2026-09-18,Bayless,1,Maplewood-Richmond Hts.,2
2026-09-18,Pembroke Hill,5,MICDS,0
2026-09-18,Chaminade College Prep,1,Nixa,0
2026-09-18,Blue Springs South,1,Park Hill South,2
2026-09-18,Fox,0,Priory,7
2026-09-18,New Heights Christian with McAuley Catholic,1,Willard,2
2026-09-19,Republic,1,Battle with Columbia Independent,2
2026-09-19,Helias Catholic,9,Bishop DuBourg,1
2026-09-19,Rolla,0,Capital City,1
2026-09-19,Camdenton,0,Carthage,5
2026-09-19,Pembroke Hill,3,John Burroughs,4
2026-09-19,Chaminade College Prep,5,Kickapoo,0
2026-09-19,Webster Groves,2,Ladue Horton Watkins,5
2026-09-19,Rock Bridge,3,Lee's Summit West,2
2026-09-19,Bolivar,3,Logan-Rogersville,2
2026-09-19,New Covenant Academy,2,Lutheran (Kansas City),0
2026-09-19,Lebanon,0,Oak Park,1
2026-09-19,Willard,0,Sikeston,6
2026-09-19,St. Michael the Archangel,1,Springfield Catholic,0
2026-09-19,St. Mary's South Side,2,Vianney,7
2026-09-20,Republic,1,Battle with Columbia Independent,2
2026-09-20,Helias Catholic,9,Bishop DuBourg,1
2026-09-20,Rolla,0,Capital City,1
2026-09-20,Camdenton,0,Carthage,5
2026-09-20,Pembroke Hill,3,John Burroughs,4
2026-09-20,Chaminade College Prep,5,Kickapoo,0
2026-09-20,Webster Groves,2,Ladue Horton Watkins,5
2026-09-20,Rock Bridge,3,Lee's Summit West,2
2026-09-20,Bolivar,3,Logan-Rogersville,2
2026-09-20,New Covenant Academy,2,Lutheran (Kansas City),0
2026-09-20,Lebanon,0,Oak Park,1
2026-09-20,Willard,0,Sikeston,6
2026-09-20,St. Michael the Archangel,1,Springfield Catholic,0
2026-09-20,St. Mary's South Side,2,Vianney,7
2026-09-21,Winnetonka,1,Belton,2
2026-09-21,Southern Boone,2,Boonville,1
2026-09-21,Maplewood-Richmond Hts.,4,Brentwood,0
2026-09-21,Crocker,1,Cassville,2
2026-09-21,Clinton,2,Central (Springfield),3
2026-09-21,Bishop LeBlond,0,Central (St. Joseph),8
2026-09-21,Fulton,1,Christian Fellowship Sr. with Hallsville,3
2026-09-21,Ritenour,0,Collegiate School of Med-Bio Science with McKinley Classical Leadership,1
2026-09-21,Poplar Bluff,8,DeSoto,2
2026-09-21,Capital City,1,Fatima,2
2026-09-21,William Chrisman,1,Fort Osage,5
2026-09-21,Francis Howell,1,Francis Howell Central,4
2026-09-21,Raytown,1,Grain Valley,6
2026-09-21,Union,2,Hillsboro,1
2026-09-21,Seckman,1,Jackson,2
2026-09-21,Francis Howell North,1,Kirkwood,4
2026-09-21,Lutheran North,8,McCluer North,0
2026-09-21,Paseo Academy,0,Northeast (Kansas City),9
2026-09-21,Kearney,2,Platte County,3
2026-09-21,Grandview,5,Raytown South,0
2026-09-21,Gateway Science Charter,4,Roosevelt,0
2026-09-21,Sikeston,3,Saxony Lutheran with St. Vincent,2
2026-09-21,Notre Dame (Cape Girardeau),1,SLUH,3
2026-09-21,La Monte,1,Smith-Cotton,4
2026-09-21,North Point,1,St. Charles,4
2026-09-21,St. Francis Borgia,0,St. Pius X (Festus),1
2026-09-21,Excelsior Springs,3,St. Pius X (Kansas City),2
2026-09-21,Veritas Christian Academy,1,Troy Buchanan,2
2026-09-21,Ruskin,1,Truman,9
2026-09-21,Windsor (Imperial),1,Valley Park,2
2026-09-21,Pacific,0,Washington,2
2026-09-22,Capital City,2,Battle with Columbia Independent,1
2026-09-22,Hancock,0,Bayless,2
2026-09-22,Chillicothe,2,Benton,1
2026-09-22,Platte County,0,Blue Springs South,7
2026-09-22,Smith-Cotton,2,Camdenton,1
2026-09-22,Logan-Rogersville,8,Carl Junction,0
2026-09-22,Monett,2,Cassville,1
2026-09-22,Hillsboro,0,Central (Cape Girardeau),1
2026-09-22,Parkway West,0,Chaminade College Prep,2
2026-09-22,Priory,0,Christian Brothers College,1
2026-09-22,Vianney,2,Clayton,1
2026-09-22,Eugene,1,Dixon,5
2026-09-22,Center,7,Ewing Marion Kauffman with University Academy Charter,1
2026-09-22,Ft. Zumwalt North,1,Ft. Zumwalt South,5
2026-09-22,Neosho,0,Glendale,7
2026-09-22,Fair Grove,3,Greenwood,4
2026-09-22,Mexico,0,Hannibal,8
2026-09-22,Jefferson City,1,Helias Catholic,4
2026-09-22,Rock Bridge,4,Hickman,2
2026-09-22,Bolivar,2,Hillcrest,1
2026-09-22,Republic,2,Kickapoo,1
2026-09-22,Father Tolton,4,Kirksville,0
2026-09-22,St. Paul Lutheran (Concordia),6,Knob Noster,1
2026-09-22,Lindbergh,0,Ladue Horton Watkins,2
2026-09-22,Webb City,2,Lebanon,3
2026-09-22,Raymore-Peculiar,0,Lee's Summit,4
2026-09-22,Liberty,0,Liberty North,1
2026-09-22,Faith Christian Academy,1,Lutheran (Kansas City),0
2026-09-22,Lutheran St. Charles,8,Lutheran North,0
2026-09-22,Metro,3,Lutheran South,1
2026-09-22,Moberly,0,Marshall,2
2026-09-22,Branson,3,Marshfield,0
2026-09-22,Carthage,0,Nixa,3
2026-09-22,Blue Springs,6,North Kansas City,0
2026-09-22,Harrisonville,0,Northeast (Kansas City),7
2026-09-22,Eureka,1,Oakville,3
2026-09-22,Westminster Christian Academy,1,Orchard Farm,0
2026-09-22,Willard,0,Ozark,8
2026-09-22,Staley,0,Park Hill,2
2026-09-22,Lee's Summit West,2,Park Hill South,1
2026-09-22,Northwest (Cedar Hill),3,Parkway North,1
2026-09-22,North Point,4,Pattonville,3
2026-09-22,Festus,0,Perryville,8
2026-09-22,Lee's Summit North,0,Rockhurst,3
2026-09-22,Marquette,4,Rockwood Summit,2
2026-09-22,Lone Jack,0,Ruskin,1
2026-09-22,Veritas Christian Academy,5,St. Charles West,0
2026-09-22,La Monte,0,Stover,4
2026-09-22,Central (St. Joseph),1,Summit Christian Academy,2
2026-09-22,Ft. Zumwalt West,3,Timberland,0
2026-09-22,Smithville,0,Van Horn,7
2026-09-22,Oak Grove,3,Warrensburg,2
2026-09-22,Pacific,1,Warrenton,3
2026-09-22,Duchesne,3,Whitfield,7
2026-09-22,Holt,2,Wright City,1
